Autocomplete: Incompatible with protractor tests,https://github.com/angular/components/issues/4467, protractor tests flaky due to stale data or wait,DOM Selector Issue,,Angular,Unspecified, A solution has been to use NoopAnimationsModule instead of BrowserAnimationsModule,Disable Animations,,,,


- > coffescript = fix(specs): Fix intermittent async error and max event listener leak\n\nAn absolute ContactStore spec was causing the listener leak by\nre-initializing the store and not cleaning it up.\n\nIntermittent theme manager failing spec might be caused due to timing of\nthe theme activation,https://github.com/nylas/nylas-mail/commit/b0b0c14d037c38ac0d74079b8a544d9c9d0e9b6c,timing of the theme activation,Resource Rendering,https://github.com/nylas/nylas-mail/blob/b0b0c14d037c38ac0d74079b8a544d9c9d0e9b6c/spec/theme-manager-spec.coffee, ,Unspecified,added then to the active function,Fix Await Mechanism,,,,
-> coffescript  = "fix(config): Apply config change from Atom, process locking\n\nSummary:\nhttps://github.com/atom/atom/commit/d1c44dcb54994eb733eff0bfde69c8454aeff22c\n\nAlso lock config across processes to prevent the user from being logged out when the main process reads config before it's finished writing. This is what is causing the login window to appear.\n\nTest Plan: Rapidly tap between the two display modes. Note that it no longer reverts to the wrong one intermittently.\n\nReviewers: evan\n\nReviewed By: evan\n\nDifferential Revision: https://phab.nylas.com/D1931",https://github.com/nylas/nylas-mail/commit/6c407f2f1c2f72d1b4ccd5c1697485fb320ff82a,the main process reads config before it's finished writing.,Test Order Dependency,https://github.com/nylas/nylas-mail/blob/6c407f2f1c2f72d1b4ccd5c1697485fb320ff82a/spec/config-spec.coffee,,Provide Steps,Added lock,Fix Await Mechanism,,,,
-> ruby "Fix flaky activation test\n\nMove mouse off of the button to see the ""Active"""" text.\n\nAlso",https://github.com/houndci/hound/commit/bc34c1cf6d796cca4488257dead74f8d640fd286,"mouse covered ""active"" text",Incorrect Test Runner Interaction,https://github.com/houndci/hound/blob/bc34c1cf6d796cca4488257dead74f8d640fd286/spec/features/user_activates_a_repo_spec.rb,CircleCi, Unspecified,move mouse off,Use Workaround,https://github.com/houndci/hound/pull/1503,,,
-> json = feat(button):'Add'overflow'ellipsis'mixin'(#5352)\n\n*'feat(button):'Add'overflow'ellipsis'mixin\r\n\r\n*'WIP'try'to'fix'flaky'tests\r\n\r\n*'WIP'json'is'dumb,https://github.com/material-components/material-components-web/commit/47949b08e0a2ec82178c638d8074c34c745409b4, invalid textarea; delay not enough,Platform Issue,https://github.com/material-components/material-components-web/blob/05a35e675d6644a64605264f2191b22be477f18b/test/screenshot/diffing.json,"travis, jasmine, Sauce Labs, CrossBrowserTesting, karma, webdriver",Unspecified,skip,Remove Test,https://github.com/material-components/material-components-web/pull/5352, false,,
-> python = Wait'for'`entry-menu`'before'trying'to'click'it.\n\nThis'*may*'prevent'some'of'the'intermittent'errors'in'the'Timesheet'tests.'Maybe.,https://github.com/overshard/timestrap/commit/b1bc72d7e062027255bdd34285db87c2677df8a3, entry-menu intermittently not loaded before click,Resource Rendering,https://github.com/overshard/timestrap/blob/b1bc72d7e062027255bdd34285db87c2677df8a3/core/tests/tests_selenium.py, ,Unspecified,added waitForPresence func,Fix Await Mechanism,,,,

-> INFRA
    -> json = "chore(infrastructure):'Increase'IE/Edge'flake'tolerance'(#3333)\n\n###'What'it'does\r\n\r\n-'Adds'config'options'in'`diffing.json`'to'fine-tune'flaky'screenshot'test'behavior:\r\n\r\n''''-'Knobs:\r\n''''''''-'Number'of'retry'attempts\r\n''''''''-'Delay'before'retrying\r\n''''''''-'Font'loading'timeout\r\n''''-'Global'settings'for'all'browsers'and'URLs:\r\n''''''''-'`2`'retries\r\n''''''''-'`50ms`'font'load'delay:'Gives'the'browser'time'to're-render'page'content'w/'new'fonts\r\n''''''''-'`500ms`'page'load'delay'when'retrying:'Allows'janky'rendering'to'settle\r\n''''-'IE/Edge-specific'settings'for'all'URLs:\r\n''''''''-'`4`'retries:'Microsoft'browsers'flake'more'often'than'Chrome/Firefox/Safari\r\n''''''''-'`300ms`'font'load'delay:'Gives'IE/Edge'extra'time'to're-render'page'content'w/'new'fonts\r\n''''-'IE/Edge-specific'settings'for'`mdc-textfield`'and'`mdc-typography`'URLs:\r\n''''''''-'`6`'retries:'I've'seen'them'fail'up'to'5'times'before'finally'passing\r\n''''''''-'`500ms`'font'load'delay:'Gives'`MDCTextField`'jank'time'to'settle\r\n<br>\r\n\r\n-'Adds'a'`FlakeConfig`'field'to'every'`Screenshot`'so'that'specific'browsers/URLs'can'have'different'timeouts'and'tolerances\r\n\r\n-'Adds'optional'URL'query'params'to'all'test'pages:\r\n''''-'E.g.:'`focused.html?font_face_observer_timeout_ms=3000&fonts_loaded_reflow_delay_ms=100`\r\n''''-'Values'come'from'`Screenshot.flake_config`.'If'no'values'are'passed,'sensible'defaults'for'local'development'are'used.\r\n''''-'Adds'npm'dependency:'[`url-search-params-polyfill`](https://www.npmjs.com/package/url-search-params-polyfill)'(polyfill'for'[`URLSearchParams`](https://developer.mozilla.org/en-US/docs/Web/API/URLSearchParams))\r\n<br>\r\n\r\n-'Stops'uploading'empty'(0px)'diff'images'to'GCS\r\n\r\n-'Improves'Selenium'session'termination:\r\n''''-'During'session'startup,'if'one'VM'fails'by'throwing'an'error,'we'now'wait'for'all'other'browsers'to'finish'starting'up'so'that'they'can'be'terminated''normally''by'calling'`driver.quit()`.'Previously,'any'VMs'that'hadn't'finished'starting'when'another'VM'threw'an'error'would'become'zombie'sessions.'There'were'only'two'ways'to'clean'them'up:'A)'manually'kill'them'in'the'CBT'UI;'or'B)'wait'2'minutes'and'rerun'the'tests'(sessions'with'no'activity'for'at'least'2'minutes'are'automatically'killed'on'startup).\r\n''''-'`SIGINT`'(<kbd>Ctrl</kbd>+<kbd>C</kbd>)'and'`SIGTERM`'(`kill`)'handlers'wait'for'all'sessions'to'finish'starting'before'killing'them,'for'the'same'reasons'described'in'the'previous'bullet.'This'makes'the'session'termination'much'more'robust.\r\n''''-'Changes'`process.exit(code)`'to'`process.exitCode'='code`'in'`run.js`.'The'former'causes'Node'to'exit'immediately'without'waiting'for'CBT'Selenium'cancellation'requests'to'complete,'whereas'the'latter'causes'Node'to'wait'for'all'timers'and'unresolved'Promises'before'exiting.\r\n<br>\r\n\r\n-'Changes'`Metadata`'table'headings:\r\n''''-'`Author'Name`'\u2192'`Host'User`\r\n''''-'`Author'OS`'\u2192'`Host'OS`\r\n\r\n###'Example'output\r\n\r\n####'Flaky'MS'Edge'`text-field`'page'passes'after'`attempt'5'of'6`:\r\n\r\n![screenshot](https://user-images.githubusercontent.com/409245/43988127-b3aea150-9ce3-11e8-8094-d43e6619b4b7.png)",https://github.com/material-components/material-components-web/commit/f54d42e566744bd415a6515845eb08359c7fc285, render waiting time may not enough; edge broswer issue,Platform Issue,https://github.com/material-components/material-components-web/blob/f54d42e566744bd415a6515845eb08359c7fc285/test/screenshot/diffing.json, "travis, jasmine, Sauce Labs, CrossBrowserTesting, karma, webdriver",Run on Specific Platform,set config for flaky tests,Mark Test as Flaky,https://github.com/material-components/material-components-web/pull/3333,,,
    -> "chore(infrastructure):'Increase'SL'timeout'and'disable'N-1/N+1'browsers'(#3182)\n\n###'What'it'does\r\n\r\n*'Changes'the'timeout'for'individual'test'cases'on'Sauce'Labs'from'2'seconds'to'10'seconds\r\n*'Disables'unnecessary'browsers:'Chrome'N+1'(dev),'Chrome'N-1,'and'Firefox'N-1\r\n''''-'Our'SL'account'only'allows'`5`'concurrent'tests\r\n''''-'Unit'tests'now'run'in'`4`'browsers'instead'of'`7`:\r\n''''''''*'Chrome'latest'(desktop)\r\n''''''''*'Firefox'latest\r\n''''''''*'IE'11\r\n''''''''*'Safari'(mobile)\r\n-'Enables'[extended'debugging](https://wiki.saucelabs.com/pages/viewpage.action?pageId=70072943)'(capturing'browser'console'logs)'in'Chrome'and'Firefox\r\n\r\nAFAIK'the'only'way'to'verify'this'PR'is'to'run'it'repeatedly'on'Travis'and'look'for'the'errors'listed'below.\r\n\r\nRefs'#3191\r\n\r\n###'Why\r\n\r\nThis'PR'attempts'to'work'around'two'specific'types'of'flakes'I've'seen'repeatedly'on'Sauce'Labs:\r\n\r\n####'Timeouts'on'individual'test'cases'that'use'`requestAnimationFrame()`'or'`setTimeout()`\r\n\r\n```\r\nIE'11.0.0'(Windows'8.1.0.0)'MDCSliderFoundation'-'pointer'events'on'touchstart'takes'RTL'into'account'when'computing'the'slider's'value'using'the'X'coordinate'of'the'event'FAILED\r\n''Timeout'of'2000ms'exceeded.'For'async'tests'and'hooks,'ensure''done()''is'called;'if'returning'a'Promise,'ensure'it'resolves.\r\nIE'11.0.0'(Windows'8.1.0.0)'MDCSliderFoundation'-'pointer'events'on'touchstart'adds'the'mdc-slider--active'class'to'the'root'element'FAILED\r\n''Timeout'of'2000ms'exceeded.'For'async'tests'and'hooks,'ensure''done()''is'called;'if'returning'a'Promise,'ensure'it'resolves.\r\n........\r\nIE'11.0.0'(Windows'8.1.0.0)'MDCSliderFoundation'-'pointer'events'on'body'touchmove'updates'the'slider's'value'based'on'the'X'coordinate'of'the'event'FAILED\r\n''Timeout'of'2000ms'exceeded.'For'async'tests'and'hooks,'ensure''done()''is'called;'if'returning'a'Promise,'ensure'it'resolves.\r\n.\r\nIE'11.0.0'(Windows'8.1.0.0)'MDCSliderFoundation'-'pointer'events'on'body'touchmove'notifies'discrete'slider'pin'value'marker'to'change'value'FAILED\r\n''Timeout'of'2000ms'exceeded.'For'async'tests'and'hooks,'ensure''done()''is'called;'if'returning'a'Promise,'ensure'it'resolves.\r\nIE'11.0.0'(Windows'8.1.0.0)'MDCSliderFoundation'-'pointer'events'on'body'touchend'removes'the'mdc-slider--active'class'from'the'component'FAILED\r\n''Timeout'of'2000ms'exceeded.'For'async'tests'and'hooks,'ensure''done()''is'called;'if'returning'a'Promise,'ensure'it'resolves.\r\n```\r\n\r\n####'Concurrency'limits\r\n\r\nOur'SL'account'is'limited'to'5'concurrent'tests.'We'constantly'blow'past'that'limit'because'`karma.conf.js`'tests'_7_'browsers'on'every'single'commit.\r\n\r\nThis,'in'turn,'causes'subsequent'SL'requests'to'enqueue,'which'can'lead'to'test'suite'timeouts:\r\n\r\n```\r\nWARN'[launcher]:'Safari'on'SauceLabs'have'not'captured'in'240000'ms,'killing.\r\nINFO'[launcher]:'Trying'to'start'Safari'on'SauceLabs'again'(1/2).\r\n...\r\nWARN'[launcher]:'Safari'on'SauceLabs'have'not'captured'in'240000'ms,'killing.\r\nINFO'[launcher]:'Trying'to'start'Safari'on'SauceLabs'again'(2/2).\r\n```\r\n\r\n[SL'logs](https://saucelabs.com/beta/tests/696708e0fd284bc6b2a03ce6a8decb4f):\r\n\r\n![image](https://user-images.githubusercontent.com/409245/43157525-29256050-8f32-11e8-8e65-fb6e83fe6930.png)\r\n\r\n###'Possible'root'causes'of'flaky'unit'tests'on'SL\r\n\r\nMost'likely:\r\n\r\n*'**Concurrency'limit**:'We'have'a'free'OSS'account'on'SL,'which'gives'us'5'concurrent'tests.'We'currently'run'unit'tests'in'7'browsers,'including'Chrome'N+1,'Chrome'N-1,'and'Firefox'N-1.\r\n*'**Traffic'congestion**:'SL'might'get'overloaded'during'peak'hours'and'queue'our'tests'for'a'long'time\r\n\r\nLess'likely,'but'possible:\r\n\r\n*'Buggy'implementation'and/or'usage'of'mock'`requestAnimationFrame()`'in'[`test/unit/helpers/raf.js`](https://github.com/material-components/material-components-web/blob/bc500f247c9c0dcaaa81f9c3a9f93de22ca83480/test/unit/helpers/raf.js#L32)\r\n*'Buggy'implementation'and/or'usage'of'`lolex`'(mock'`setTimeout()`)\r\n\r\n###'Other'Sauce'Labs'errors\r\n\r\nThis'one'connected'OK,'but'kept'sending'the'`GET'title`'command'repeatedly'and'then'gave'up.\r\n\r\n[SL'logs](https://saucelabs.com/beta/tests/cd8e1a1b7c414217b140126c52f068d1):\r\n\r\n![image](https://user-images.githubusercontent.com/409245/43158106-ae96c89a-8f33-11e8-93b8-954edb71c4ea.png)",https://github.com/material-components/material-components-web/commit/ce8e724b0476d2a8a27cc3f5264da30eb02991d1, Concurrency limit; Traffic congestion,Platform Issue,https://github.com/material-components/material-components-web/blob/ce8e724b0476d2a8a27cc3f5264da30eb02991d1/karma.conf.js, "travis, jasmine, Sauce Labs, CrossBrowserTesting, karma, webdriver",Run on Specific Platform,Changes the timeout for individual test cases on Sauce Labs from 2 seconds to 10 seconds; Disables unnecessary browsers,Add/Increase Delay,https://github.com/material-components/material-components-web/pull/3333,,,
    -> "chore(infrastructure):'Automatically'retry'screenshots'up'to'3'times'to'reduce'flakes'(#3072)\n\n###'How'to'test\r\n\r\nRun'this'command'over'and'over,'and'scan'the'console'output'for'lines'that'start'with''Retry':\r\n\r\n```bash\r\nnpm'run'screenshot:test'--'\\\r\n''--url=mdc-button/classes/baseline-button-with-icons.html'\\\r\n''--browser=desktop_windows_ie@11\r\n```\r\n\r\n###'What'it'does\r\n\r\n-'Automatically'retries'screenshots'that'have'diffs'up'to'3'times\r\n''''-'Minimizes'noisy'diffs'due'to'flaky'browser'rendering\r\n''''-'Significantly'reduces'noise'across'all'4'browsers,'especially'IE'11'\U0001f4a9\r\n-'Compares'each'screenshot'to'its'golden'counterpart'immediately'after'capturing'it,'instead'of'waiting'until'all'screenshots'have'been'captured\r\n-'Adds'`--retries`'and'`--max-parallels`'CLI'options\r\n-'Fixes'buggy'parsing'of'`--diff-base`'local'`golden.json`'files\r\n-'Increases'the'minimum'pixel'diff'threshold'from'10'pixels'to'15'pixels\r\n''''-'Avoids'noisy'FAB'diffs'in'Edge\r\n-'Changes'the'`min-width`'button'label'text'from'`\u662f`'to'`+`\r\n''''-'Fixes'flaky'font'rendering'in'Firefox\r\n-'Updates'`golden.json`'with'new'`min-width`'button'screenshots\r\n-'Returns'a'non-zero'exit'code'from'the'`npm'run'screenshot:test`'if'there'are'any'screenshot'changes'(diffs/added/removed)\r\n''''-'Necessary'for'Travis'CI'(and'to'be'consistent'with'UNIX'conventions)\r\n-'Removes'`fixture.js`'from'`.eslintignore`\r\n-'Renames'`resemble.json`'to'`diffing.json`\r\n-'Updates'example'report'links'and'console'output'in'README\r\n\r\n###'Example'output\r\n\r\nReport'page:\r\n\r\n-'https://storage.googleapis.com/mdc-web-screenshot-tests/advorak/2018/07/14/07_08_26_379/report/report.html\r\n\r\nConsole'output:\r\n\r\n```\r\nGET'https://storage.googleapis.com/mdc-web-screenshot-tests/advorak/2018/07/14/07_25_45_444/mdc-button/classes/baseline-button-with-icons.html'>'desktop_windows_ie@11...\r\nCropped'https://storage.googleapis.com/mdc-web-screenshot-tests/advorak/2018/07/14/07_25_45_444/mdc-button/classes/baseline-button-with-icons.html'>'desktop_windows_ie@11'image'from'384x687'to'348x628\r\nRetrying'mdc-button/classes/baseline-button-with-icons.html'>'desktop_windows_ie@11'(attempt'1'of'3).'1,873'pixels'differed'(0.9%'of'348x628)\r\n```",https://github.com/material-components/material-components-web/commit/bbff28d92a81f587a504e32cb895a55e4d44c2e6, font render in firefox,Platform Issue,https://github.com/material-components/material-components-web/blob/bbff28d92a81f587a504e32cb895a55e4d44c2e6/test/screenshot/mdc-button/classes/baseline-button-without-icons.html; https://github.com/material-components/material-components-web/blob/bbff28d92a81f587a504e32cb895a55e4d44c2e6/test/screenshot/mdc-button/classes/baseline-link-without-icons.html; https://github.com/material-components/material-components-web/blob/bbff28d92a81f587a504e32cb895a55e4d44c2e6/test/screenshot/mdc-button/classes/dense-button-without-icons.html; https://github.com/material-components/material-components-web/blob/bbff28d92a81f587a504e32cb895a55e4d44c2e6/test/screenshot/mdc-button/classes/dense-link-without-icons.html; https://github.com/material-components/material-components-web/blob/bbff28d92a81f587a504e32cb895a55e4d44c2e6/test/screenshot/mdc-button/mixins/horizontal-padding-baseline.html; https://github.com/material-components/material-components-web/blob/bbff28d92a81f587a504e32cb895a55e4d44c2e6/test/screenshot/mdc-button/mixins/horizontal-padding-dense.html,"travis, jasmine, Sauce Labs, CrossBrowserTesting, karma, webdriver",Provide Steps,"changes ""æ˜¯"" to ""+""",Refactor Logic Implementation,https://github.com/material-components/material-components-web/commit/bbff28d92a81f587a504e32cb895a55e4d44c2e6,,,
    -> "fix(infrastructure):'Ensure'grid'pattern'renders'correctly'in'IE'(#2729)\n\n###'How'to'test\r\n\r\n```bash\r\nexport'CBT_USERNAME='...'\r\nexport'CBT_AUTHKEY='...'\r\nexport'MDC_GCLOUD_SERVICE_ACCOUNT_KEY_FILE_PATH='...'\r\n\r\nnpm'run'screenshot:build\r\nnpm'run'screenshot:test\r\n\r\necho''.mdc-button:not(:disabled){color:red}''>>'packages/mdc-button/mdc-button.scss\r\necho''.mdc-button:disabled{margin-left:10px}''>>'packages/mdc-button/mdc-button.scss\r\nnpm'run'screenshot:build\r\nnpm'run'screenshot:test'--'--mdc-include-url=button/classes/'--mdc-include-browser=ie@11\r\n```\r\n\r\n###'What'it'does\r\n\r\n-'Uses'PNG'`background-image`'instead'of'`linear-gradient`\r\n-'Adds'Webpack'loader'`base64-inline-loader`'to'base64-encode'`data:`'URIs'from'background'images'in'Sass\r\n\r\nIE'occasionally'renders'the'`linear-gradient`'version'incorrectly,'shifting'it'1px'to'the'left,'which'generates'noisy,'flaky'diffs.",https://github.com/material-components/material-components-web/commit/34f73e832f8f12cccbf981af8153f34e4e2436b9, IE occasionally renders the `linear-gradient` version incorrectly,Platform Issue,https://github.com/material-components/material-components-web/blob/34f73e832f8f12cccbf981af8153f34e4e2436b9/test/screenshot/fixture.scss,, Provide Steps,Uses PNG `background-image` instead of `linear-gradient`; Adds Webpack loader `base64-inline-loader` to base64-encode `data:` URIs from background images in Sass,Use Workaround,https://github.com/material-components/material-components-web/pull/2729,,,


-> Indentifing flakys with javascript.feature:

    Mark'another'window.open'test'as'flaky\n\nSee'https://travis-ci.org/qutebrowser/qutebrowser/jobs/277846887,https://github.com/qutebrowser/qutebrowser/commit/192c063743328916ec00aa26c017aecd76533ced,Window open without user interaction via JS is flaky,Resource Rendering,https://github.com/qutebrowser/qutebrowser/blob/192c063743328916ec00aa26c017aecd76533ced/tests/end2end/features/javascript.feature,"Travis, Conftest",Unspecified,added flaky tag,Mark Test as Flaky,,,,
    Mark'window.open'test'as'flaky,https://github.com/qutebrowser/qutebrowser/commit/f6d878f33f863753a8729c72fdb14eed5b7ea667,Window open without user interaction with javascript.can_open_tabs_automatically set to true is flaky,Resource Rendering,https://github.com/qutebrowser/qutebrowser/blob/f6d878f33f863753a8729c72fdb14eed5b7ea667/tests/end2end/features/javascript.feature,"Travis, Conftest",Unspecified,added flaky tag,Mark Test as Flaky,,,,
    Mark'modal'window'test'as'flaky,https://github.com/qutebrowser/qutebrowser/commit/8bf7cb539ad44076deabed1740c4cfe29adb1252, Modal open/close test is flaky,Resource Rendering,https://github.com/qutebrowser/qutebrowser/blob/8bf7cb539ad44076deabed1740c4cfe29adb1252/tests/end2end/features/javascript.feature,"Travis, Conftest",Unspecified,added flaky tag,Mark Test as Flaky,,,,


-> trash repositories
    Bug'1550595'-'Disable'failing'Visual'Viewport'API'web'platform'tests'on'desktop.'r=kats\n\nWe'disable'them'rather'than'marking'them'as'expected'to'fail'because'sometimes\nthe'problems'with'them'can'manifest'as'intermittent'failures.\n\nDifferential'Revision:'https://phabricator.services.mozilla.com/D30791\n\n--HG--\nextra':'moz-landing-system':'lando,https://github.com/MrAlex94/Waterfox/commit/79a6455e3f1beb542a36b37a258257ae555c85a3, Visual Viewport API web platform tests flaky on desktop,Layout Difference,https://github.com/MrAlex94/Waterfox/blob/79a6455e3f1beb542a36b37a258257ae555c85a3/testing/web-platform/meta/visual-viewport/viewport-read-size-causes-layout.html.ini; https://github.com/MrAlex94/Waterfox/blob/79a6455e3f1beb542a36b37a258257ae555c85a3/testing/web-platform/meta/visual-viewport/viewport-scrollbars-cause-resize.html.ini; https://github.com/MrAlex94/Waterfox/blob/79a6455e3f1beb542a36b37a258257ae555c85a3/testing/web-platform/meta/visual-viewport/viewport-unscaled-size.html.ini ,web-platform-tests, Run on Specific Platform,disabled,Remove Test,true ,,,
    "Bug'1536762'-'part4':'disable'tests'on'Android'and'Windows.'r=heycam\n\nOn'Android,'sometime'we'can't'get'the'first'frame,'which'would'cause'intermittent'fail.'See'bug1546128.\n\nOn'Windows,'sometime'we'would'get'incorrect'text'color'rendering,'which'would'also'cause'intermittent'fail.'See'bug1546133.\n\nIt'seems'that'we'won't'get'these'two'bug'fixed'recently,'so'I'm'going'to'disable'them'on'these'two'platforms.\n\nDifferential'Revision:'https://phabricator.services.mozilla.com/D28359\n\n--HG--\nextra':'moz-landing-system':'lando",https://github.com/MrAlex94/Waterfox/commit/7d4ac29915dfce2e9e2c96d4358f29fe9c81b100,"On Android, sometime we can't get the first frame, which would cause intermittent fail. See bug1546128;On Windows, sometime we would get incorrect text color rendering, which would also cause intermittent fail. See bug1546133.",Platform Issue,see commit,web-platform-tests,Run on Specific Platform,disabled,Remove Test,,,,
    "Bug'1440537'-'Fix'a'cross-origin'navigation'test'to'navigate'reliably.'r=bzbarsky\n\nThis'subtest'(of'test_iframe_sandbox_navigation.html)'starts'intermittently\nfailing'with'my'first'patch'of'this'bug.'It'relied'on'the'pres-context'being\ncreated'when'sendMouseEvent'is'called'in'order'to'navigate'away'(we'only\nnavigate'away'by'clicking'a'link'if'there's'a'link'handler).\n\nsendMouseEvent'calls'getBoundingClientRect()'which'used'to'do'this.'It'no'longer\ndoes'though.\n\nI'could'make'sendMouseEvent'do'that'automatically'using'SpecialPowers'or'such,\nor'from'the'DOMWindowUtils'code,'but'I'think'I'd'prefer'not'to'do'that.'This'is\nthe'only'test'that'wasn't'trivially'fixable,'and'this'awkwardness'can'be'removed\nwhen'bug'1218456'is'fixed.\n\nDifferential'Revision:'https://phabricator.services.mozilla.com/D28910",https://github.com/MrAlex94/Waterfox/commit/bcd4ae91c988e0b18726c69d3a5578152b24c346,"Anchor clicks are only handled if we have a pres-context, and we may not have one yet by the time this runs, and getBoundingClientRect() won't construct it after bug 1440537. So we may need to wait a few frames to make this reliable.",Incorrect Resource Load Order,https://github.com/MrAlex94/Waterfox/blob/bcd4ae91c988e0b18726c69d3a5578152b24c346/dom/html/test/file_iframe_sandbox_d_if11.html,, Unspecified,added a wait,Fix Await Mechanism,,,,
    Bug'1547890'-'Extend'the'number'of'retries'for'waitForCondition'calls'so'the'tests'pass'on'TV'runs.'r=bytesized\n\nWhen'running'these'tests'with'--verify'(e.g.'TV)'the'tests'intermittently'fail'due'to'it'taking'longer'for'the'UI'condition'to'be'met.\n\nDifferential'Revision:'https://phabricator.services.mozilla.com/D29450\n\n--HG--\nextra':'moz-landing-system':'lando,https://github.com/MrAlex94/Waterfox/commit/175703fbe576e33435aa32585c4353476bbdc769, Badge test taking longer for the UI condition to be met,Resource Rendering,https://github.com/MrAlex94/Waterfox/blob/175703fbe576e33435aa32585c4353476bbdc769/toolkit/mozapps/update/tests/browser/browser_doorhanger_bc_downloadAutoFailures_bgWin.js; https://github.com/MrAlex94/Waterfox/blob/175703fbe576e33435aa32585c4353476bbdc769/toolkit/mozapps/update/tests/browser/browser_doorhanger_bc_downloadOptIn_bgWin.js,,Provide Steps,added waiting time and instead of throwing error added a check to fail the test,Fix Await Mechanism,,,,
    "Bug'1532539'[wpt'PR'15623]'-'[Animation'Worklet]'Fix'flaky'worklet-animation-with-fill-mode.https.html,'a=testonly\n\nAutomatic'update'from'web-platform-tests\n[Animation'Worklet]'Fix'flaky'worklet-animation-with-fill-mode.https.html\n\nUse'a'more'robust'method'for'waiting'on'receiving'local'times'on'main\nthread'when'test'is'running'with'threaded'compositing.\n\nPreviously'we'would'wait'for'one'async'frame'and'some'more'time'to'ensure\nwe'have'received'the'local'times'on'main'thread.'This'can'be'flaky.\nInstead'wait'until'local'time'is'no'longer'null'which'means'worklet'has\nproduced'at'least'one'frame'and'that'frame'has'been'synced'with'main.\n\nTo'this'end'WorkletAnimation'now'exposes'its'effect'(similar'to'regular\nanimations)'and'we'use'that'to'access'the'effect's'local'time.\n\nBug:'915352\nChange-Id:'I05ab560d90a55ff68e048b2c8ed19e87435dffeb\nReviewed-on:'https://chromium-review.googlesource.com/c/1496478\nCommit-Queue:'Majid'Valipour'<majidvp@chromium.org>\nReviewed-by:'Yi'Gu'<yigu@chromium.org>\nCr-Commit-Position:'refs/heads/master@{#636970}\n\n--\n\nwpt-commits:'f8602d068887aebd4d962b77bcce88661ac2c245\nwpt-pr:'15623",https://github.com/MrAlex94/Waterfox/commit/6a29f7a20dc7b1a197a9fe84b20700e2d35838c4, Previously we would wait for one async frame and some more time to ensure we have received the local times on main thread. This can be flaky. ,Animation Timing Issue,https://github.com/MrAlex94/Waterfox/blob/6a29f7a20dc7b1a197a9fe84b20700e2d35838c4/testing/web-platform/tests/animation-worklet/worklet-animation-with-fill-mode.https.html,web-platform-tests,Unspecified,Instead wait until local time is no longer null which means worklet has produced at least one frame and that frame has been synced with main.,Fix Await Mechanism,,,,
    "Bug'1532539'[wpt'PR'15623]'-'[Animation'Worklet]'Fix'flaky'worklet-animation-with-fill-mode.https.html,'a=testonly\n\nAutomatic'update'from'web-platform-tests\n[Animation'Worklet]'Fix'flaky'worklet-animation-with-fill-mode.https.html\n\nUse'a'more'robust'method'for'waiting'on'receiving'local'times'on'main\nthread'when'test'is'running'with'threaded'compositing.\n\nPreviously'we'would'wait'for'one'async'frame'and'some'more'time'to'ensure\nwe'have'received'the'local'times'on'main'thread.'This'can'be'flaky.\nInstead'wait'until'local'time'is'no'longer'null'which'means'worklet'has\nproduced'at'least'one'frame'and'that'frame'has'been'synced'with'main.\n\nTo'this'end'WorkletAnimation'now'exposes'its'effect'(similar'to'regular\nanimations)'and'we'use'that'to'access'the'effect's'local'time.\n\nBug:'915352\nChange-Id:'I05ab560d90a55ff68e048b2c8ed19e87435dffeb\nReviewed-on:'https://chromium-review.googlesource.com/c/1496478\nCommit-Queue:'Majid'Valipour'<majidvp@chromium.org>\nReviewed-by:'Yi'Gu'<yigu@chromium.org>\nCr-Commit-Position:'refs/heads/master@{#636970}\n\n--\n\nwpt-commits:'f8602d068887aebd4d962b77bcce88661ac2c245\nwpt-pr:'15623",https://github.com/MrAlex94/Waterfox/commit/801751a046306ebb3f5cc3a0ba39a0178ecd0810, Previously we would wait for one async frame and some more time to ensure we have received the local times on main thread. This can be flaky. ,Animation Timing Issue,https://github.com/MrAlex94/Waterfox/blob/6a29f7a20dc7b1a197a9fe84b20700e2d35838c4/testing/web-platform/tests/animation-worklet/worklet-animation-with-fill-mode.https.html,web-platform-tests,Unspecified,Instead wait until local time is no longer null which means worklet has produced at least one frame and that frame has been synced with main.,Fix Await Mechanism,,,,
    "Bug'1534496'[wpt'PR'15747]'-'Fixed'flaky'playback-rate'test.,'a=testonly\n\nAutomatic'update'from'web-platform-tests\nFixed'flaky'playback-rate'test.\n\nRoot'cause'for'the'flakiness:\n''1.Due'to'crbug.com/937382,'composited'worklet'animation'current'time'is'not'identical'to'the\n''''current'time'passed'to'the'animator'instance'in'the'worklet'scope'(which'is'passed'through'to\n''''local'time'in'this'test).\n''2.Not'waiting'enough'for'the'compositing'thread'to'update'the'styles.\nThe'fix:\n''1.Changed'the'test'to'compare'against'reference'worklet'animation's'effect'local'time'that'has\n''''default'playback'rate.\n''2.Explicitly'wait'for'the'style'updates'before'comparing'to'the'expected'results.\n\nBug:'915352\nChange-Id:'I35cb3f89048568bc830aff8a6473f6d2aef5aaeb\nReviewed-on:'https://chromium-review.googlesource.com/c/chromium/src/+/1497789\nCommit-Queue:'Olga'Gerchikov'<gerchiko@microsoft.com>\nReviewed-by:'Majid'Valipour'<majidvp@chromium.org>\nCr-Commit-Position:'refs/heads/master@{#638721}\n\n--\n\nwpt-commits:'02aa554ae40ec5eef25f945420a4cb7368054d2d\nwpt-pr:'15747",https://github.com/MrAlex94/Waterfox/commit/d3cb540133b5718c470d082d6ff3258f168e2b4f, Playback rate test flaky due to incorrect animation API waiting,Animation Timing Issue,https://github.com/MrAlex94/Waterfox/blob/d3cb540133b5718c470d082d6ff3258f168e2b4f/testing/web-platform/tests/animation-worklet/playback-rate.https.html,web-platform-tests,Unspecified,Changed waiting APIs and added awaits,Fix Await Mechanism,,,,
    "Bug'1534487'[wpt'PR'15734]'-'Revert''[Animation'Worklet]'Remove'unnecessary'force'composition','a=testonly\n\nAutomatic'update'from'web-platform-tests\nRevert''[Animation'Worklet]'Remove'unnecessary'force'composition'\n\nThis'reverts'commit'b9fdefc5712d3ec3b2482ad9c2af1c2e6fa6b25a.\n\nReason'for'revert:'Removing'compositing'caused'flaky'on'Mac\n\nOriginal'change's'description:\n>'[Animation'Worklet]'Remove'unnecessary'force'composition\n>\n>'We'used'to'have'will-change:'transform'in'test'reference'but'they'are\n>'no'longer'needed.\n>\n>'Change-Id:'Ib6870863760e32de201a0560fa59f43634c72da8\n>'Reviewed-on:'https://chromium-review.googlesource.com/c/chromium/src/+/1504711\n>'Commit-Queue:'Yi'Gu'<yigu@chromium.org>\n>'Reviewed-by:'Xida'Chen'<xidachen@chromium.org>\n>'Cr-Commit-Position:'refs/heads/master@{#638107}\n\nTBR=xidachen@chromium.org,yigu@chromium.org\n\n#'Not'skipping'CQ'checks'because'original'CL'landed'>'1'day'ago.\n\nChange-Id:'I1350b6c5e53e35fd0fb5de035e33c9f44528a4c9\nReviewed-on:'https://chromium-review.googlesource.com/c/chromium/src/+/1510077\nReviewed-by:'Yi'Gu'<yigu@chromium.org>\nCommit-Queue:'Yi'Gu'<yigu@chromium.org>\nCr-Commit-Position:'refs/heads/master@{#638867}\n\n--\n\nwpt-commits:'4371a004caa7771794a31109bc019e001799f8e2\nwpt-pr:'15734",https://github.com/MrAlex94/Waterfox/commit/da46e66a2428a4088b506df84ddb40bf7aba4462, force composition value in CSS transform on Mac,Platform Issue,see commit,web-platform-tests,Unspecified,Changed transform tag in CSS,Refactor Logic Implementation,,,,
    "Bug'1532216'[wpt'PR'15607]'-'[animation-worklet]'Deflake'tests'running'with'threaded'compositing,'a=testonly\n\nAutomatic'update'from'web-platform-tests\n[animation-worklet]'Deflake'tests'running'with'threaded'compositing\n\nDon't'assume'a'certain'number'of'frames'for'receiving'style'updates\nrather'poll'everyframe'until'change'is'noticed.\n\nBug:'915352\nChange-Id:'I92c78bc94c82de561f4867a596c449eb6dd39603\nReviewed-on:'https://chromium-review.googlesource.com/c/1495227\nCommit-Queue:'Majid'Valipour'<majidvp@chromium.org>\nReviewed-by:'Yi'Gu'<yigu@chromium.org>\nCr-Commit-Position:'refs/heads/master@{#636841}\n\n--\n\nwpt-commits:'c00e66cde6cb2033da568f4dbaaddbe30a128959\nwpt-pr:'15607",https://github.com/MrAlex94/Waterfox/commit/ab8e14bb7ad69fa09a2b228372d7dc894b57722d,Animaton frame test waiting method flaky,Animation Timing Issue,see commit,web-platform-tests,Unspecified,Changed API to wait for animation frame meeting style condition instead of arbitrary number of frames,Fix Await Mechanism,,,,
    Bug'1532205'-'Intermittent'TEST-UNEXPECTED-TIMEOUT'in'Event-dispatch-on-disabled-elements.html'r=birtles\n\ntry'to'extend'the'animation'time.'I'tested'this'locally'on'repeat'50'times.\n\nDifferential'Revision:'https://phabricator.services.mozilla.com/D23498\n\n--HG--\nextra':'moz-landing-system':'lando,https://github.com/MrAlex94/Waterfox/commit/a37ef3224e23de298d4bf17e1760c11186df3072,Animation event animationiteration tests timeout without firing event,Animation Timing Issue,https://github.com/MrAlex94/Waterfox/blob/a37ef3224e23de298d4bf17e1760c11186df3072/testing/web-platform/tests/dom/events/Event-dispatch-on-disabled-elements.html,web-platform-tests,Rerun Multiple Times,Changed animation APIs to seek manually instead of relying on event types,Use Workaround,,,,
    "Bug'1519226:'browser_toolbarButtonKeyPress.js:'Wait'for'the'bookmarked'status'to'finish'updating'before'pressing'the'Bookmark'this'page'button.'r=Gijs\n\nThe'status'regarding'whether'a'page'is'bookmarked'or'not'is'updated'async.\nWhile'the'update'is'pending,'the'Bookmark'this'page'button'ignores'activation.\nThus,'the'test'must'wait'for'the'update'to'be'finished'before'trying'to'press'the'button.\nThis'fixes'intermittent'timeouts'in'this'test.\n\nDifferential'Revision:'https://phabricator.services.mozilla.com/D20978\n\n--HG--\nextra':'moz-landing-system':'lando",https://github.com/MrAlex94/Waterfox/commit/57bb4f7bf4220376e8931f354a3ee556b7b5fd4f,Bookmark button test not waiting correctly ,Resource Rendering,https://github.com/MrAlex94/Waterfox/blob/57bb4f7bf4220376e8931f354a3ee556b7b5fd4f/browser/base/content/test/keyboard/browser_toolbarButtonKeyPress.js,web-platform-tests,Unspecified,Add async waiting for button status,Fix Await Mechanism,,,,
    "Bug'1526728'[wpt'PR'15279]'-'[animation-worklet]'Basic'pause'implementation'(reland),'a=testonly\n\nAutomatic'update'from'web-platform-tests\n[animation-worklet]'Basic'pause'implementation'(reland)\n\nPausing'worklet'animation'now'holds'the'time.'This'works'as'expected'for'main\nthread'animations.'Implementing'this'for'composited'worklet'animations'will'be\ndone'in'a'follow'up'patch.\n\nMajor'changes:\n'-'Add'and'expose'pause()'method'pausing'the'animation.\n'-'Introduce'hold_time'that'is'used'when'animation'is'paused.\n'-'Rework'how'current'time'is'computed,'it'is'now'closer'to\n'''regular'animations'i.e.,'we'either'compute'it'based'on''start'time'and\n'''timeline.currentTime''or'use''hold'time'.\n'-'Instead'of'setting'start'time'we'now'set'the'current'time\n'''which'then'works'backward'to'compute'either'the'start'time'or'the'hold'time\n'''based'on'the'animation'state.\n'-'When'transitioning'animation'play'state,'we'now'always'set\n'''the'current'time.'Previously'this'was'adhoc'and'inconsistent.\n'-'Introduce'has_started_'to'differentiate'when'playing'an\n'''animation'for'the'first'time'vs'playing'it'from'pause.\n'-'Update'playback_rate'related'calculation'to'use'new'logic.\n\nRelanding:'Original'CL'was'reverted'here'[1].'Took'the'following'steps'to\naddress'this:\n\n''-'Address'flakiness'in'unit'test'by'using'more'accurate'error\n''''value'matching'other'tests.\n''-'Fix'flakiness'in'layout'test'(worklet-animation-pause.https.html)\n''''by'using'startTime'and'waiting'for'time'to'actually'advance'working'around\n''''pre-existing'animation'clock'issue'[2].'Also'got'rid'of'an'invalid'state\n''''transition'from'pause->idle.\n\n[1]'https://chromium-review.googlesource.com/c/chromium/src/+/1434815\n[2]'http://crbug.com/785940\n\nTEST:\n\n''-'wpt/animation-worklet/worklet-animation-pause.https.html:'js'test'for'basic\n''''current'time'calculations\n''-'wpt/animation-worklet/worklet-animation-pause-immediately.https.html:\n''''reftest'for'basic'pause\n''-'wpt/animation-worklet/worklet-animation-pause-result.https.html:'reftest'for\n''''pause/resume.\n''-'WorkletAnimationTest.PausePlay:'unit'test'for'basic'state\n''''transition'and'time'calc\n\nBug:'821910,\nChange-Id:'I11fd2960443081be81055904d6d56a2abc3282f5\nReviewed-on:'https://chromium-review.googlesource.com/c/1456640\nReviewed-by:'Majid'Valipour'<majidvp@chromium.org>\nReviewed-by:'Yi'Gu'<yigu@chromium.org>\nCommit-Queue:'Majid'Valipour'<majidvp@chromium.org>\nCr-Commit-Position:'refs/heads/master@{#630548}\n\n--\n\nwpt-commits:'345300fad3945a5f1441fb2b2001109ca48f36e8\nwpt-pr:'15279",https://github.com/MrAlex94/Waterfox/commit/2d8023aa3d029bcf023de3c325381179540800b8,Animation pause test flaky due to timer issue,Animation Timing Issue,https://github.com/MrAlex94/Waterfox/blob/2d8023aa3d029bcf023de3c325381179540800b8/testing/web-platform/tests/animation-worklet/worklet-animation-pause.https.html,web-platform-tests,Unspecified,Add workaround to clock issue,Use Workaround,,,,
    Bug'1528044'-'Fix'flaky'test'browser_multiselect_tabs_move_to_new_window_contextmenu.js.'r=jaws\n\nDifferential'Revision:'https://phabricator.services.mozilla.com/D20018\n\n--HG--\nextra':'moz-landing-system':'lando,https://github.com/MrAlex94/Waterfox/commit/149483e887541ab4cbd7ead56fb1bf768ae82aa4,Tab moves to new window flaky due to EndSwapDocShells not being dispatched for lazy tabs,Incorrect Test Runner Interaction,https://github.com/MrAlex94/Waterfox/blob/149483e887541ab4cbd7ead56fb1bf768ae82aa4/browser/base/content/test/tabs/browser_multiselect_tabs_move_to_new_window_contextmenu.js,web-platform-tests,Unspecified,Add proper waiting method,Fix Await Mechanism,,,,
    Bug'1524223'-'Fix'flaky'test'browser_multiselect_tabs_move_to_new_window_contextmenu.js.'r=jaws\n\nDifferential'Revision:'https://phabricator.services.mozilla.com/D18820\n\n--HG--\nextra':'moz-landing-system':'lando,https://github.com/MrAlex94/Waterfox/commit/3a0fff40b3397e0064ce123c08cb44b3f7b4e2e1,Tab moves to new window flaky due to EndSwapDocShells not being dispatched for lazy tabs,Incorrect Test Runner Interaction,https://github.com/MrAlex94/Waterfox/blob/3a0fff40b3397e0064ce123c08cb44b3f7b4e2e1/browser/base/content/test/tabs/browser_multiselect_tabs_move_to_new_window_contextmenu.js,web-platform-tests,Unspecified,Add TabClose listener to handle lazy tabs,Refactor Logic Implementation,,,,
    "Bug'1523625'-'Wait'until'the'animation'is'on'the'compositor'before'testing'if'it'is;'r=hiro\n\nThis'test'was'failing'intermittently'on'GeckoView'e10s.'The\nwaitForAnimationReadyToRestyle'helper'works'around'certain'cases'where,'due'to\nvsync,'the'animation'ends'up'starting'at'exactly'the'same'frame'time'as'when'it\nwas'created'meaning'that'restyling'may'not'get'triggered'and'hence'we'won't'have\na'chance'to'send'it'to'the'compositor.\n\nIt's'not'clear'why'this'happens'more'frequently'on'GeckoView'e10s'but'this'seems\nto'fix'the'failures'anyway.\n\nDifferential'Revision:'https://phabricator.services.mozilla.com/D18043\n\n--HG--\nextra':'moz-landing-system':'lando",https://github.com/MrAlex94/Waterfox/commit/9e3969c99aaa7c77b6c5889fd0a2bf79569afc79,Animation flaky due to vsync making start time same as create time and not tirggering restyle update,Animation Timing Issue,https://github.com/MrAlex94/Waterfox/blob/9e3969c99aaa7c77b6c5889fd0a2bf79569afc79/dom/base/test/file_domwindowutils_animation.html,web-platform-tests,Run on Specific Platform,Use waitForAnimationReadyToRestyle helper to wait for proper update,Fix Await Mechanism,,,,
    "Bug'1504929'-'Start'animations'once'after'a'MozReftestInvalidate'event'is'received.'r=sotaro\n\nWe'need'the'same'workaround'for\nhttps://bugzilla.mozilla.org/show_bug.cgi?id=1489327'.\n\nAnd'unfortunately'we'have'to'disable'animate-backface-hidden.html'on'MacOSX'opt\nbuilds'for'WebRender'because'the'test'fails'intermittently,'we'will'enable'it\nin'bug'1506758.\n\nDepends'on'D11601\n\nDifferential'Revision:'https://phabricator.services.mozilla.com/D11726\n\n--HG--\nextra':'moz-landing-system':'lando",https://github.com/MrAlex94/Waterfox/commit/23793e3a2172787eca440889a8c4ec3cc6069862,Animation test flaky on MacOSX opt builds for WebRender,Platform Issue,https://github.com/MrAlex94/Waterfox/blob/23793e3a2172787eca440889a8c4ec3cc6069862/layout/reftests/transform-3d/animate-backface-hidden.html,web-platform-tests,Run on Specific Platform,Add delay for animations,Add/Increase Delay,,,,
    "Bug'1453895'-'Avoid'reftest'startup'hang'waiting'for'focus;'r=jmaher\n\nIntermittently,'at'least'on'Windows,'reftest.jsm'finds'that'the'reftest.xul\nwindow'is'not'focused'on'startup;'focus'seems'to'be'on'the'dummy'about:blank\nwindow.'This'patch'tries'to'detect'that'condition'and'correct'it'by'bringing\nreftest.xul'(g.containingWindow)'into'focus'before'specifically'focusing\nthe'browser'element'(g.browser).",https://github.com/MrAlex94/Waterfox/commit/7fdf08e2ab80f20fedf48e812ef9efd84f045d80,Flaky focus between test window and about:blank window causes reftest to fail on Windows,Platform Issue,https://github.com/MrAlex94/Waterfox/blob/7fdf08e2ab80f20fedf48e812ef9efd84f045d80/layout/tools/reftest/reftest.jsm,web-platform-tests,Run on Specific Platform,Add code to explicitly focus on reftest window if not focused,Refactor Logic Implementation,,,,
    "Bug'1368603'-'Fix'intermittent'scrollbar'drag'test'failure'on'Linux.'r=botond\n\nOn'Linux,'when'synthesizing'mousemove'events'interleaved'with'button\npress/release'events,'the'caller'is'responsible'for'waiting'for'the\nmousemove'events'be'dispatched'before'attempting'to'synthesize'the\npress/release'buttons,'otherwise'the'events'can'be'delivered'by'the'OS\nout'of'order.'This'updates'a'few'tests'to'ensure'this'is'done'correctly.\n\nMozReview-Commit-ID:'42HkqTCWToP\n\n--HG--\nextra':'rebase_source':'57fbc84bcfbed345d8f6d90aaadb3399e691894e",https://github.com/MrAlex94/Waterfox/commit/5090ab59885b0b290d29ea4e5848337826ff3a02,Timing issue with mouse click event,Incorrect Test Runner Interaction,https://github.com/MrAlex94/Waterfox/blob/701afa46f782a0d671fda33406409096258bb27c/browser/components/extensions/test/browser/browser_ext_user_events.js,web-platform-tests,Run on Specific Platform,Change click into polling mechanism for clicks,Use Workaround,,,,
    "Bug'1379072'-'Intermittent'failure'of'browser/components/sessionstore/test/browser_354894_perwindowpb.js,'r=michal\n\nWait'for'the'tabs'to'finish'when'loading'test'tabs.",https://github.com/MrAlex94/Waterfox/commit/7f1cc2b10b9e5f637895274eacb19b31dd5645a1,loading test tabs without waiting,Incorrect Resource Load Order,https://github.com/MrAlex94/Waterfox/blob/7f1cc2b10b9e5f637895274eacb19b31dd5645a1/browser/components/sessionstore/test/browser_354894_perwindowpb.js,,Unspecified,Added await and promise,Fix Await Mechanism,,,,
    Bug'1447259:'Change'the'tested'animation'in'browser_animation_summary-graph_computed-timing-path_different-timescale.js'test'since'the'animation'can'intermittently'already'be'finished'during'selectNodeAndWaitForAnimations.'r=gl,https://github.com/MrAlex94/Waterfox/commit/361d95ecbf5c0f00f59ca1614088db1947abc565,the animation can intermittently already be finished during selectNodeAndWaitForAnimations,Animation Timing Issue,https://github.com/MrAlex94/Waterfox/blob/361d95ecbf5c0f00f59ca1614088db1947abc565/devtools/client/inspector/animation/test/browser_animation_summary-graph_computed-timing-path_different-timescale.js,,Unspecified,Changed tested animation,Use Workaround,,,,
    "Bug'1441808'[wpt'PR'9712]'-'[css-ui]'Use''Ahem''instead'of''ahem''in'tests,'a=testonly\n\nAutomatic'update'from'web-platform-tests[css-ui]'Use''Ahem''instead'of''ahem''in'tests\n\n'ahem''is'causing'flakiness'on'Windows,'so'this'patch\njust'replaces''ahem''by''Ahem''on'css-ui'WPT'tests.\n\nBUG=724392,796733\n\nChange-Id:'I956e939790319ec956164f34af8c72f109c528ef\nReviewed-on:'https://chromium-review.googlesource.com/940133\nReviewed-by:'Morten'Stenshorne'<mstensho@chromium.org>\nCommit-Queue:'Manuel'Rego'Casasnovas'<rego@igalia.com>\nCr-Commit-Position:'refs/heads/master@{#539797}\n\nwpt-commits:'98f6f9bde502771ce9939d24f27ca823351adb33\nwpt-pr:'9712\nwpt-commits:'98f6f9bde502771ce9939d24f27ca823351adb33\nwpt-pr:'9712",https://github.com/MrAlex94/Waterfox/commit/7da5f58a52c41423365cbb41bde513848a5e6b48,"font flaky, ""ahem"" is causing flakiness on Windows",Network Resource Loading,see commits,web-platform-tests,Run on Specific Platform,Changed to Ahem,Use Workaround,,,,
    "Bug'1441786'[wpt'PR'9711]'-'[css-multicol]'Use''Ahem''instead'of''ahem''in'tests,'a=testonly\n\nAutomatic'update'from'web-platform-tests[css-multicol]'Use''Ahem''instead'of''ahem''in'tests\n\n'ahem''is'causing'flakiness'on'Windows,'so'this'patch\njust'replaces''ahem''by''Ahem''on'WPT'tests.\n\nBUG=724392,794136\n\nChange-Id:'I55ce2ee7ed36b2708da571f52256716e97a072cb\nReviewed-on:'https://chromium-review.googlesource.com/940921\nReviewed-by:'Morten'Stenshorne'<mstensho@chromium.org>\nCommit-Queue:'Manuel'Rego'Casasnovas'<rego@igalia.com>\nCr-Commit-Position:'refs/heads/master@{#539780}\n\nwpt-commits:'a5e5a3d683d787be4a608d8bcd385f902c6ef2c2\nwpt-pr:'9711\nwpt-commits:'a5e5a3d683d787be4a608d8bcd385f902c6ef2c2\nwpt-pr:'9711",https://github.com/MrAlex94/Waterfox/commit/185166e6e82bca95445881af13188a295d9df2ce,"font flaky, ""ahem"" is causing flakiness on Windows",Network Resource Loading,see commits,web-platform-tests,Run on Specific Platform,Changed to Ahem,Use Workaround,,,,
    "Bug'1441760'[wpt'PR'9707]'-'[css-text]'Use''Ahem''instead'of''ahem''for'fonts'in'tests,'a=testonly\n\nAutomatic'update'from'web-platform-tests[css-text]'Use''Ahem''instead'of''ahem''for'fonts'in'tests\n\nUsing'the'lowercase'version'causes'flakiness'on'Windows\n(see'crbug.com/724392).\n\nBUG=817030\n\nChange-Id:'Ic4bdea7d40f0c2e96d6669430b3cce7a296e8d55\nReviewed-on:'https://chromium-review.googlesource.com/940123\nReviewed-by:'Koji'Ishii'<kojii@chromium.org>\nCommit-Queue:'Manuel'Rego'Casasnovas'<rego@igalia.com>\nCr-Commit-Position:'refs/heads/master@{#539748}\n\nwpt-commits:'cc52c7e80c940a475adc28142285082f2c973ed6\nwpt-pr:'9707\nwpt-commits:'cc52c7e80c940a475adc28142285082f2c973ed6\nwpt-pr:'9707",https://github.com/MrAlex94/Waterfox/commit/a7af4d1de13660f154bed4d6423633e0b75583d8,"font flaky, ""ahem"" is causing flakiness on Windows",Network Resource Loading,see commits,web-platform-tests,Run on Specific Platform,Changed to Ahem,Use Workaround,,,,


-> not test & big comments

    "Fix'part'of'#3954:'Exploration'Editor'Page'Object'(#5139)\n\n*'exporting'runFromSettingsTab'and'providing'access'to'page's'components\r\n\r\n*'Refactor'for'runFromSettingsTab'and'remove'unused'references\r\n\r\n*'Adding'getSettingsTab'method'to'create'component\r\n\r\n*'Refactoring'runFromSettingsTab\r\n\r\n*'editorAndPlayer:'ExplorationEditorPage'should'provide'component'access'instead'of'direct'access\r\n\r\n*'Fix'linting'error\r\n\r\n*'Refactoring'for'runFromSettingsTab'removal\r\n\r\n*'Deleting'runFromSettingsTab\r\n\r\n*'Removing'runFromsettingsTab'dependency\r\n\r\n*'Renamed'ResponseEditor'and'properly'referencing'runFromSettingsTab\r\n\r\n*'Fix'lint'error\r\n\r\n*'Refactoring'for'removing'runFromSettingsTab\r\n\r\n*'Adding'new'objects\r\n\r\n*'Removing'runFromSettingsTab\r\n\r\n*'Renaming'delete'to'deleteResponse\r\n\r\n*'Rename'ResponseEditor'to'getResponseEditor\r\n\r\n*'Adding'FeedbackTab'page'object\r\n\r\n*'Adding'HistoryTab'page'object\r\n\r\n*'Removing'setDefaultOutcome\r\n\r\n*'Removing'setDefaultOutcome,'reduce'waitForSystem'call,''Promisify''some'clicking'action\r\n\r\n*'Fix'lint'error\r\n\r\n*'Removing'setDefaultOutcome'to'replace'with'new'getResponseEditor\r\n\r\n*''Promisify''some'clicking'to'reduce'waitForsystem'calls'and'removing'setDefaultOutcome\r\n\r\n*''Promisify''clicking'action'to'reduce'flakiness\r\n\r\n*'Adding'setLanguage'to'SettingsTab\r\n\r\n*'Properly'refactor'to'remove'callback'mechanism'for'FeedbackTab'workflow\r\n\r\n*'Adding'FeedbackTab'and'HistoryTab'to'EditorPage'object\r\n\r\n*'Refactor'editorFeatures'for'new'HistoryTab,'SettingsTab'and'FeedbackTab'objects\r\n\r\n*'Remove'fdescribe'from'editorFeatures\r\n\r\n*'Re-enable'checkForConsoleError\r\n\r\n*'Different'exploration'title'for'different'tests\r\n\r\n*'Adding'waitForAngular'statement'to'reduce'flakiness\r\n\r\n*'More'waitForangular'for'suggestion'test\r\n\r\n*'Fix'lint'error\r\n\r\n*'Addding'wait'calls'to'reduce'flakiness\r\n\r\n*'Addding'wait'calls'for'addResponse'to'reduce'flakiness\r\n\r\n*'Fix'lint'error\r\n\r\n*'Adding'more'wait'calls'to'reduce'flakiness\r\n\r\n*'Convert'some'waitForSystem'to'waitForAngular\r\n\r\n*'Refactor'editorFeatures'for'new'HistoryTab,'FeedbackTab'and'removing'callback'mechanism\r\n\r\n*'Adding'new'HistoryTab'and'FeedbackTab'objects\r\n\r\n*'Introducing'new'HistoryTab'page'object\r\n\r\n*'Introducing'new'FeedbackTab'page'object\r\n\r\n*'Adding'setLanguage'to'SettingsTab\r\n\r\n*'Refactor'workflow.js'for'new'ExplorationEditor'object\r\n\r\n*'ExplorationPlayerPage:''Promisify''some'clicking'and'add'waitForAngular'to'reduce'flakiness\r\n\r\n*'Adding'findExploration'to'libraryPage\r\n\r\n*'Removing'commented'setDefaultOutcome'in'editorFeatures\r\n\r\n*'Removing'unused''require''and'deprecated''setDefaultOutcome''statement\r\n\r\n*'ExplorationEditorPage:'Renaming'exitTutorialIfNecessary'to'exitTutorial\r\n\r\n*'Adding'a'blank'line'before''exports''statement\r\n\r\n*'LibraryPage:'Adding'getCollection'function\r\n\r\n*'CreatorDashboardPage:'Adding'editExploration'function\r\n\r\n*'FeedbackTab,HistoryTab,PlayerPage:'Refactored'isDisplayed'usage'and'reduce'wait'calls\r\n\r\n*'ExplorationEditor:'Refactoring'isDisplayed'usage'and'using'ExpectedConditions'for'stateContentEditor'element\r\n\r\n*'editorAndPlayer:'Refactoring'for'new'getCollection'and'editCollection,'some'attempts'to'improve'test'flow\r\n\r\n*'editorFeatures:'Adding'full-stop'after'each'comment':D\r\n\r\n*'Reducing'protractor'element\r\n\r\n*'Integrating'ExpectedConditions'for'better'test'flow\r\n\r\n*'Creating'new'ExplorationEditorMainTab\r\n\r\n*'workflow:'Refactoring'for'new'MainTab'object\r\n\r\n*'ExplorationEditor:'Remove'checking'for'state'and'toast'message'and'migrate'methods'to'new'ExplorationTab\r\n\r\n*'editorAndPlayer,editorFeatures':'Refactor'for'new'MainTab'object\r\n\r\n*'editorFeature:'Changing'fdescribe'to'describe\r\n\r\n*'MainTab:'Adding'tutorial'methods\r\n\r\n*'stateEditor:'Refactoring'tutorial'test'for'new'MainTab'object\r\n\r\n*'Fixing'unintentional'merged'travis'file\r\n\r\n*'TextInput/protractor:'Adding'test'for'placeholder'and'box'height\r\n\r\n*'stateEditor:'Refactor'for'new'ExplorationEditor'objects'and'running'new'tests'for'response'editor\r\n\r\n*'EditorMainTab:'Using'regex'to'parse'rule'description'and'click'element'directly'instead'of'looping'through'array'of'element\r\n\r\n*'EditorMainTab:'Adjust'for'when'ruleDescription'doesn't'have'selectors\r\n\r\n*'TextInputProtractor:Clearing'textarea'before'sending'input\r\n\r\n*'ExplorationPlayerPage:'Integrating'ExpectedConditions'to'replace'wait'calls\r\n\r\n*'SettingsTab:'Adding'parameter'functions\r\n\r\n*'Adding'protractor'classes'to'elements\r\n\r\n*'StatsTab:'Creating'new'StatsTab'object\r\n\r\n*'EditorPage:'Refactoring'for'new'StatsTab'object\r\n\r\n*'MainTab:'Hint/Solution'and'Parameter'functions\r\n\r\n*'stateEditor:'Restructure'test'for'rule'parameters,'refactor'for'new'objects\r\n\r\n*'EditorAndPlayer:'Find'exploration'before'rating'or'playing'it\r\n\r\n*'PlayerPage:'Using'ExpectedConditions'only'on'the'specific'star'to'be'clicked\r\n\r\n*'MainTab:'Making'interaction'functions'private\r\n\r\n*'MainTab:'Separating'deleteInteraction'logic'from'setInteraction\r\n\r\n*'editorPlayer,stateEditor:'Refactor'for'newly'separated'deleteInteraction\r\n\r\n*'StateEditor:'Putting'back'PieChart'error'for'Travis\r\n\r\n*'EditorPage:'Increasing'timeout'to'10s'for'toast'message\r\n\r\n*'MainTab:'Rewording'comments'and'changing'input'for'replaceAngularSelector'to'string[]'only\r\n\r\n*'stateEditor:'Deleting'interaction'before'creating'new'one\r\n\r\n*'EndExplorationProtractor:'Adding'protractor'for'EndExploration'and'write'new'test'suite'for'it'in'editorAndPlayer\r\n\r\n*'MainTab:'Replacing'Angular'Selector'with'multiple''...''instead'of'just'1\r\n\r\n*'editorAndPlayer:'Rating'test'plays'the'exploration'directly'from'/library\r\n\r\n*'stateEditor:'Adding'expectation'for'rule'parameters\r\n\r\n*'LibraryPage:'Adding'ExpectedConditions'for'viewing'rating\r\n\r\n*'MainTab:'Adding'response'body'to'element'for'better'locator\r\n\r\n*'editorAndPlayer:'Different'username'for'different'tests\r\n\r\n*'editorAndPlayer:'Username'type\r\n\r\n*'stateEditor:'Changing'expectation'input'for'feedbackInstructions\r\n\r\n*'editorAndPlayer:'Adding'wait'calls'and'find'exploration'before'playing\r\n\r\n*'MainTab:'Adding'ExpectedCondition'for'closing'tutorial\r\n\r\n*'editorAndPlayer:'Finding'exploration'before'checking'it\r\n\r\n*'HistoryTab:'Adding'ExpectedConditions'for'closing'hisotry'state\r\n\r\n*'Embedding:'Refactoring'for'new'EditorPage'objects\r\n\r\n*'Embedding:'Refactoring'for'new'EditorPage'objects\r\n\r\n*'Adding'blank'line'before'exports'statement\r\n\r\n*'Embedding:'Refactoring'for'new'EditorPage'objects\r\n\r\n*'embedding:'Creating'null'declaration'before'assigning'values\r\n\r\n*'MainTab:'Properly're-worded'comments'and'adjusting'regex'rule'for'{{abc|NonNegativeInt}}\r\n\r\n*'extensions:'Refactoring'for'new'ExplorationEditorPage'objects\r\n\r\n*'extensions:'setContent'belongs'to'MainTab'not'EditorPage\r\n\r\n*'learnerDashboard:'Re-enable'and'refactor'for'new'ExplorationEditorPage'object\r\n\r\n*'AdminPage:'Reload'exploration'without'/admin\r\n\r\n*'general:'Adding'ExpectedConditions'to'acceptAlert\r\n\r\n*'LearnerDashboard:'Adding'ExpectedConditions'to'all'workflows\r\n\r\n*'SubscriptionDashboard:'Adding'ExpectedConditions\r\n\r\n*'CreatorDashboard:'Adding'ExpectedConditions'to'workflow\r\n\r\n*'CollecitonEditor:'Adding'ExpectedConditions'to'saveModal\r\n\r\n*'publicationAndLibrary:'Refactor'for'new'ExplorationEditorPage'objects\r\n\r\n*'libraryPage:'Refactoring'playCollection/Exploration'methods'and'clear'search'before'input\r\n\r\n*'learnerDash'and'learner_dashboard.html:'Refactor'and'disable'leaving'exploration/collection'mid-play\r\n\r\n*'Creator,'LearnerDashboard:'No'ExpectedCondition'for'non-interactive'element\r\n\r\n*'learnerDashboard:'Rewording'comments'and'fix'erros\r\n\r\n*'learnerDashboard:'Remove'fit\r\n\r\n*'LibraryPage:'Getting'all'of'exploration/collections'and'clicking'first'one\r\n\r\n*'MainTab:'Adding'ExpectedConditions'for'setStatename\r\n\r\n*'LearnerDashboard:'Removing'ExpectedConditions'for'non-button\r\n\r\n*'learnerDashboard:'Directly'creating'explorations'instead'of'loading'from'admin'page\r\n\r\n*'learnerDashboard:'Remove'fit\r\n\r\n*'learnerDashboard:'Fix'exploration'name'typo'and'removing'deprecated'explorationExist\r\n\r\n*'workflow:'Refactoring'editor'out'for'new'ExplorationEditorPage'object\r\n\r\n*'userJourney:'Removing'editor.js'references'and'refactoring'for'new'ExplorationEditorPage'objects\r\n\r\n*'library:'saveChanges'is'a'ExplorationEditorPage'object\r\n\r\n*'AdminPage:'Removing'reloadingExp'and'reloadingCollection'#4887\r\n\r\n*'stateEditor:'Comments'should'end'with'periods.\r\n\r\n*'general:'Replacing'editor'references'with'new'ExplorationEditorPage'objects\r\n\r\n*'HistoryTab:'Add'openStateHistory'and'rename'node'variables\r\n\r\n*'editorFeatures:'Refactor'for'new'openStateHistory\r\n\r\n*'MainTab:'Get'state'node'from'exploration'graph'and'add'check'function'for'setStateName\r\n\r\n*'collection_editor_save_modal:'Adding'protractor'tag\r\n\r\n*'creator_dashboard:'Adding'protractor'tag\r\n\r\n*'post_publish_modal:'Adding'protractor'tags\r\n\r\n*'editorAndPlayer:'Reducing'number'of'wait'calls\r\n\r\n*'SettingsTab:'Adding'deleteInteraction'method\r\n\r\n*'ContinueProtractor:'Adding'ExpectedConditions'for'clicking'continue\r\n\r\n*'workflow:'Creating'exploration/collection'from'/creator_dashboard'and'adding'creation'methods'as'Admin\r\n\r\n*'general:'IMPORTANT'Adding'waitForLoadingMessage'methods'for'loading'new'page\r\n\r\n*'users:'Adding'waitForLoadingMessage'and'conditions'for'_completeSignup\r\n\r\n*'SubscriptionDashboard:'Adding'waitForLoadingMessage'to'get'methods\r\n\r\n*'PreferencesPage:'Adding'waitForLoadingMessage'to'get'methods\r\n\r\n*'Library:'Adding'waitForLoadingMessage'to'get,'find'and'play'methods\r\n\r\n*'LearnerDashboard:'Adding'waitForLoadingMessage'to'get'methods'and'expected'conditions'for'clicking\r\n\r\n*'ExplorationPlayer:Adding'closing'conditions'to'feedback'and'suggestion'methods\r\n\r\n*'ExplorationEditor:Adding'conditions'for'clicking\r\n\r\n*'MainTab:'Removing'clicking'on'neutral'element'and'adding'expected'condition'for'closing'modal\r\n\r\n*'FeedbackTab:'Adding'condition'for'accepting'suggestion\r\n\r\n*'CreatorDashboard:'Adding'waitForLoadingMessage'for'each'page'navigation\r\n\r\n*'CollectionEditor:'Adding'conditions'for'finding'exploration,save'and'publish\r\n\r\n*'editorFeatures:'Reduce'waitForSystem\r\n\r\n*'learnerDashboard:'Expand'tests'for'incomplete'plays'of'collection'and'exploration\r\n\r\n*'SettingsTab:'Including'ExpectedConditions\r\n\r\n*'MainTab:Remove'check'for'settting'state'name\r\n\r\n*'ExplorationEditor:'discardChanges'now'waits'for'loading'message\r\n\r\n*'MainTab:Add'ExpectedConditions'to'param'methods'and'setStateName\r\n\r\n*'CollectionEditor:'Hit'Tab'to'fill'in'found'result'anyway\r\n\r\n*'collections:'Replacing'waitForAngular'with'waitForMessage'and'reduce'waitForSystem'calls\r\n\r\n*'CollectionEditor:'Properly'define'matched\r\n\r\n*'editor:'Deleting'editor.js':D\r\n\r\n*'CollectionEditor:'Adding'ExpectedConditions'for'saveChanges\r\n\r\n*'FeedbackTab:'Adding'ECs'for'readFeedbackMsg'and'getSuggestionThreads\r\n\r\n*'AdminPage:Adding'ECs'to'updateRole','delete'unused'variable'and'add'waitForLoadingMessage'to'.get'method\r\n\r\n*'MainTab:'Adding'ECs'to'tutorial'methods'and'moveToState,'rename'variable'to'reflect'plurality\r\n\r\n*'SettingsTab:'Adding'ECs'to'PreviewSummaryTile'method\r\n\r\n*'HistoryTab:'Rename'variable'stateNode'to'reflect'plurality\r\n\r\n*'EditorPage:'Adding'waitForLoadingMessage'to'navigationToTab'that'has'loadingMessage\r\n\r\n*'EditorPage:'HistoryTab'does'have'LoadingMessage\r\n\r\n*'PlayerPage:'Adding'waitForLoadingMessage'to'Redirection'methods\r\n\r\n*'ThanksPage:'Adding'waitForLoadingMessage'to'.get'method\r\n\r\n*'general:'Adding'waitForLoadingMessage'to'openEditor'and'openPlayer'methods\r\n\r\n*'users:'Separate'.get'logic'and'add'waitForLoadingMessage'to'_completeSignup\r\n\r\n*'PreferencesPage:'Migrate'some'methods'from'userJourney'into'PreferencesPage'object\r\n\r\n*'userJourneys:'Refactor'for'existing'PreferencesPage'object,'add'waitForLoadingMessage'after'each'browser.get()'method\r\n\r\n*'Removing'waitForSystem'and'waitForAngular'calls':D\r\n\r\n*'users:'Adding'some'waiting'time'in'between'signing'in\r\n\r\n*'PreferencesPage:'Removing'unused'variable\r\n\r\n*'LibraryPage:'Adding'waitForLoadingMessage'when'create'activity'from'LibraryPage\r\n\r\n*'SettingsTab:'Adding'ECs'to'deleting'exploration\r\n\r\n*'MainTab:'Waiting'up'to'10s'for'setStateName\r\n\r\n*'AdminPage:'Adding'ECs'to'clicking'Role'tab\r\n\r\n*'learnerDashboard:'Adding'Dummy'Exploration'back\r\n\r\n*'Added'help'table'for'Number'with'Units'Interaction'(#5124)\r\n\r\n*'Add'help'table'modal\r\n\r\n*'Add'i18n'for'translation\r\n\r\n*'Change'help-table'heading.\r\n\r\n*'Add'unit'table'also.\r\n\r\n*'Add'requested'changes.\r\n\r\n*'Made'requested'changes.\r\n\r\n*'Alligned'the'columns'as'requested.\r\n\r\n*'fixed'preview'erro'in'ImageRegions'interaction'(#5149)\r\n\r\n*'Fix'#5063:'Hint'button'should'not'appear'for'terminal'or'linear'interactions'(#5125)\r\n\r\n*'Fixes'#5063:'Added'check'for'terminal'interaction\r\n\r\n*'Fixes'#5063:'Added'check'for'linear'interaction'(eg.'continue)\r\n\r\n*'Drag'and'drop'interaction:'Milestone'2.1'(#5118)\r\n\r\n*'Add'config'file'and'object.\r\n\r\n*'Add'requested'changes.\r\n\r\n*'Add'warning'and'checks'to'ensure'continuity.\r\n\r\n*'Add'continuity'check'and'helpful'message.\r\n\r\n*'Add'requested'changes.\r\n\r\n*'Made'review'changes.\r\n\r\n*'Initialize'maxPrevIndex'var.\r\n\r\n*'Remove'if'block.\r\n\r\n*'Create'Topic'Editor'(Part'5):'Added'subtopic'page'editor'(#5142)\r\n\r\n*'Merged'with'topic'editor\r\n\r\n*'Added'subtopic'title'editor\r\n\r\n*'Added'subtopic'page'editor'and'tests\r\n\r\n*'fixed'errors\r\n\r\n*'Made'review'changes\r\n\r\n*'added'local'create'and'delete'subtopic'page\r\n\r\n*'made'review'changes\r\n\r\n*'fixed'errors\r\n\r\n*'made'review'change\r\n\r\n*'Added'unit'test'for'exploration'reverts'effect'on'exploration'issues'model'(#5147)\r\n\r\n*'added'test'to'check'reverts\r\n\r\n*'fix'backend'test\r\n\r\n*'Addressed'all'review'comments\r\n\r\n*'Addressed'comment\r\n\r\n*'Playthrough'Visualisation:'Milestone'2.2'(Part'1)'(#5133)\r\n\r\n*'controller'changes'and'modified'tests\r\n\r\n*'split'into'helper'methods\r\n\r\n*'make'member'variables\r\n\r\n*'changes'addresesd\r\n\r\n*'addressed'set'of'changes\r\n\r\n*'Addressed'review'comments\r\n\r\n*'Remove'playthrough_id'field'and'modify'all'occurences\r\n\r\n*'Addressed'review'comments'and'fixed'backend'test'failures\r\n\r\n*'Final'round'of'nits'addressed,'fixed'one'backend'failure\r\n\r\n*'Minor'fix'in'getNeedsUpdateTooltipMessag.'(#5136)\r\n\r\n*'Fixed'error'isEditable\r\n\r\n*'Added'more'changes\r\n\r\n*'Playthrough'Visualisation:'Milestone'2.2'(Part'2)'(#5058)\r\n\r\n*'store'controller'now'updates'playthroughs\r\n\r\n*'completed'recording\r\n\r\n*'fixed'lint'and'injector'errors\r\n\r\n*'added'unit'tests\r\n\r\n*'addressed'review'comments\r\n\r\n*'addressed'review'comments\r\n\r\n*'addressed'review'comments\r\n\r\n*'addressed'another'set'of'review'comments\r\n\r\n*'fix'e2e'test'failures\r\n\r\n*'fix'frontemd'tests\r\n\r\n*'fixes\r\n\r\n*'manual'testing'fixes\r\n\r\n*'add'prioritizing'issues'functionality\r\n\r\n*'reorder'imports\r\n\r\n*'fixed'e2e'test\r\n\r\n*'remove'backend'changes'here\r\n\r\n*'Addressed'final'round'of'nits\r\n\r\n*'Create'Story'Editor'(Part'2):'Add'create'and'delete'story'functionalities'(#5148)\r\n\r\n*'Added'stories'list'to'topic'editor\r\n\r\n*'fixed'errors\r\n\r\n*'made'review'and'UI'changes\r\n\r\n*'Added'story'creation'and'deletion\r\n\r\n*'Made'review'changes\r\n\r\n*'modified'story'creation\r\n\r\n*'fixed'errors\r\n\r\n*'Added'prompt'before'story'creation\r\n\r\n*'added'story'delete\r\n\r\n*'made'initial'review'changes\r\n\r\n*'minor'changes\r\n\r\n*'Added'discard'draft\r\n\r\n*'changed'alt'text\r\n\r\n*'Create'Story'Editor'(Part''3):'Create'Story'Editor'UI'(#5152)\r\n\r\n*'Merged'with'story-editor-2\r\n\r\n*'created'story'editor'ui\r\n\r\n*'Added'tests\r\n\r\n*'added'story'notes'editor\r\n\r\n*'mae'review'changes\r\n\r\n*'modified'urlservice\r\n\r\n*'modified'urlservice\r\n\r\n*'Drag'and'Drop'Interaction:'Milestone'2.2'(#5137)\r\n\r\n*'Add'relevant'js'files'and'templates.\r\n\r\n*'Remove'lint'errors.\r\n\r\n*'Add'requested'changes.\r\n\r\n*'change'subitem'name\r\n\r\n*'Made'review'changes.\r\n\r\n*'Add'constant'to'enable'drag'and'drop'UI.\r\n\r\n*'Remove'constant.\r\n\r\n*'Made'review'changes.\r\n\r\n*'Milestone'2.1'&'2.2:'Lesson'translation'dashboard.'(#5122)\r\n\r\n*'Added'translation'icon'on'navbar\r\n\r\n*'2nd'commit\r\n\r\n*'Added'TranslationLangaugeService\r\n\r\n*'Added'Files\r\n\r\n*'Milestone'2.2\r\n\r\n*'Disable'translation'tab'button\r\n\r\n*'Added'review'changes\r\n\r\n*'Added'contsnt'for'enabling'translation'tab.\r\n\r\n*'Create'Story'Editor'(Part'4):'Create'story'node'editor'(#5159)\r\n\r\n*'Merged'with'story'editor'ui\r\n\r\n*'Added'story'node'outline'editor\r\n\r\n*'fixed'errors\r\n\r\n*'Added'destination'node'id'editor\r\n\r\n*'fixed'errors\r\n\r\n*'added'node'outline'finalized\r\n\r\n*'made'review'changes\r\n\r\n*'fixed'errors\r\n\r\n*'Playthrough'Visualisation:'Milestone'2.2'(Part'3)'(#5156)\r\n\r\n*'Introduce'a'probabilistic'chance'of'storing'playthroughs\r\n\r\n*'Added'docstring\r\n\r\n*'Use'math.random()'explicitly\r\n\r\n*'Remove'extra'variable'definition\r\n\r\n*'Rename'variables\r\n\r\n*'Fix'frontend'tests\r\n\r\n*'Modified'private'functions\r\n\r\n*'Generalized'Review'System'-'Milestone'1.2':'Suggestion'controllers'and'wiring'up'to'frontend'(#5093)\r\n\r\n*'added'controllers\r\n\r\n*'Added'controllers'and'linked'to'frontend\r\n\r\n*'linting'fixes\r\n\r\n*'more'linting'fixes\r\n\r\n*'review'changes(1)'--'fix'backend'tests'and'use'separate'URLs,'removed'conditionals'from'tests\r\n\r\n*'linting'fix\r\n\r\n*'minor'fix\r\n\r\n*'changed'access'control'logic,'added'tests,'and'fix'travis\r\n\r\n*'linting'fixes\r\n\r\n*'made'more'review'changes\r\n\r\n*'propagated'changes'to'frontend'and'added'text'field'for'review'changes\r\n\r\n*'linting'fix\r\n\r\n*'fix'travis'test\r\n\r\n*'fixed'frontend'tests\r\n\r\n*'made'some'review'changes\r\n\r\n*'linting'fix\r\n\r\n*'made'changes'to'decorators,'URLs'as'discussed\r\n\r\n*'linting'fixes'and'more'checks\r\n\r\n*'made'review'changes\r\n\r\n*'review'changes\r\n\r\n*'linting'fixes\r\n\r\n*'fix'typo\r\n\r\n*'Rename'flag'for'enabling'playthroughs'(#5165)\r\n\r\n*'Rename'flag\r\n\r\n*'Ordered'imports\r\n\r\n*'Swap'services'in'import'order\r\n\r\n*'Final'fixes\r\n\r\n*'Added'validation'one-off'job'for'CKEditor'-'Milestone'2'(#5161)\r\n\r\n*'Added'validating'list'for'CKEditor\r\n\r\n*'Added'Validation'job'for'CKEditor\r\n\r\n*'addressed'review'comments\r\n\r\n*'Added'MigrationValidation'one-off'job'for'CKEditor'-'Milestone'2'(#5169)\r\n\r\n*'Added'MigrationValidation'job'for'CKEditor\r\n\r\n*'Added'test'for'ckeditor'conversion'functions'in'html_cleaner.py\r\n\r\n*'updated'conversion'for'ol'and'ul'tags\r\n\r\n*'fix'naming'of'rte'formats'and'comments\r\n\r\n*'Added'lots'of'comments,'updated'conversion'for'list'and'block'components\r\n\r\n*'removed'spaces'from'rte'names,'made'comments'informative,'removed'code'repetition\r\n\r\n*'capitalized'constant'names,'made'regex'better\r\n\r\n*'Milestone'2.3:'Lesson'translation'dashboard.'(#5163)\r\n\r\n*'Added'translation'icon'on'navbar\r\n\r\n*'2nd'commit\r\n\r\n*'Added'TranslationLangaugeService\r\n\r\n*'Added'Files\r\n\r\n*'Milestone'2.2\r\n\r\n*'Disable'translation'tab'button\r\n\r\n*'Added'review'changes\r\n\r\n*'Added'Translation'graph'directive\r\n\r\n*'Added'graph'in'translation'tab\r\n\r\n*'Made'changes'in'e2e'for'exploration'graph\r\n\r\n*'Added'review'changes\r\n\r\n*'Modify'html'indent'function'(#5171)\r\n\r\n*'Modify'check\r\n\r\n*'Fix'indent'and'placing'errors\r\n\r\n*'Remove'trailing'spaces\r\n\r\n*'Modify'echo'statements'in'install_third_party.sh\r\n\r\n*'Adjust'tags'and'text\r\n\r\n*'Correct'text'indent\r\n\r\n*'Adjust'text\r\n\r\n*'Add'arg'name'to'arg'with'default'values.'(#5180)\r\n\r\n*'Rename'AudioLanguage's''text''attribute'to''description''and'update'e2e'documentation'for'running'individual'suite'(#5126)\r\n\r\n*'Renaming'text'to'description\r\n\r\n*'Reduce'the'number'of'files'that'are'uploaded'to'production.'(#5181)\r\n\r\n*'Reduce'daysUntilStale'to'7'(#5187)\r\n\r\n*'Updated'Migration'process'on'the'basis'of'cases'obtained'from'test'server'(#5185)\r\n\r\n*'Update'CODEOWNERS'to'include'all'storage'models'&'add'Sean'as'an'owner'(#5186)\r\n\r\n*'Update'CODEOWNERS'to'include'all'storage'models'&'add'Sean'as'an'owner\r\n\r\n*'Update'Sean's'username.\r\n\r\n*'Generalised'Review'System'Milestone'2:'Add'user'contribution'scoring'models'(#5128)\r\n\r\n*'added'gae'model'for'user'contribution'scoring\r\n\r\n*'added'services,'domain'object'and'tests\r\n\r\n*'linting'fixes\r\n\r\n*'review'changes'1\r\n\r\n*'removed'extra'newline\r\n\r\n*'review'changes\r\n\r\n*'linting'fix\r\n\r\n*'review'changes\r\n\r\n*'linting'fixes\r\n\r\n*'fix'backend'tests\r\n\r\n*'Generalised'review'system:'Validation'job'for'the'suggestion'migration'(#5174)\r\n\r\n*'Add'job'to'validate'the'suggestion'migration'job\r\n\r\n*'Extract'relevant'commits'from'change'list'in'ExplorationStateIdMapping'(#5189)\r\n\r\nMR'job\r\n\r\n*'Create'Topic'Editor'(Part'6):'Added'skill'id'management'for'subtopics'(#5166)\r\n\r\n*'Added'skill'id'management'to'subtopic'editor\r\n\r\n*'Added'create'and'delete'subtopic\r\n\r\n*'minor'change\r\n\r\n*'Changed'skill'card'to'show'description\r\n\r\n*'Added'link'to'skill'editor\r\n\r\n*'added'delete'subtopic'management\r\n\r\n*'changed'the'management'mechanism\r\n\r\n*'disabled'new'structures\r\n\r\n*'changed'delete'subtopic'algorithm'and'other'review'changes\r\n\r\n*'addressed'review'comments\r\n\r\n*'added'comments\r\n\r\n*'made'initial'review'changes\r\n\r\n*'made'review'changes\r\n\r\n*'Added'send'email'when'deleted'skills'encountered\r\n\r\n*'Added'logging\r\n\r\n*'Fixing'merge'conflict'due'to'deleting'editor.js\r\n\r\n*'Missing'files'from'rebasing\r\n\r\n*'general:'Adding'inline'comment'for'waitForLoadingMessage\r\n\r\n*'learnerDashboard:'Correcting'nits\r\n\r\n*'HistoryTab,'MainTab:'Breaking'after'('for'long'comments\r\n\r\n*'learnerDashboard,general:'Abstracting'safeAcceptAlert()'away'and'add'details'for'it\r\n\r\n*'MainTab:'Reverting'changes'to'tutorial'functions,'just'add'ECs'to'them.\r\n\r\n*'users:'Adding'wait'calls'when'logging'out'and'removing'waitForSystem'from'signup'method\r\n\r\n*'Fixing'travis'file'due'to'merge\r\n\r\n*'Added'validations'to'story'editor'(#5195)\r\n\r\n*'Added'check'before'returning'to'topic\r\n\r\n*'Created'the'files\r\n\r\n*'Added'initial'validations'and'tests\r\n\r\n*'fixed'errors\r\n\r\n*'Added'story'graph'validations\r\n\r\n*'Added'tests\r\n\r\n*'fixed'errors\r\n\r\n*'minor'change\r\n\r\n*'fixed'bugs'in'stories'list\r\n\r\n*'modified'story'validations\r\n\r\n*'made'review'changes\r\n\r\n*'removing'the'code'that'uploaded'the'filepath'as'an'object'instead'of'\u2026'(#5173)\r\n\r\n*'removing'the'code'that'uploaded'the'filepath'as'an'object'instead'of'filename\r\n\r\n*'removing'the'setting\r\n\r\n*'Removed'it'from'the'imagePath\r\n\r\n*'spelling'following\r\n\r\n*'renamed'filepathObject'to'filename\r\n\r\n*'made'the'changes'as'said'in'the'comment.\r\n\r\n*'made'the'changes\r\n\r\n*'vscode\r\n\r\n*'Added'validations'to'topic'editor'(#5178)\r\n\r\n*'Added'topic'validation\r\n\r\n*'Merged'with'subtopic'skill'editor\r\n\r\n*'Added'tests\r\n\r\n*'Added'some'more'validations\r\n\r\n*'made'review'changes\r\n\r\n*'minor'changes\r\n\r\n*'modified'topic'validations\r\n\r\n*'made'review'changes\r\n\r\n*'exploration_editor:'Removing'duplicated'directives\r\n\r\n*'Checking'out'.travis'and're-enable'learnerDashboard\r\n\r\n*'Checking'out'app.yaml'from'upstream/develop",https://github.com/oppia/oppia/commit/36949e2f4e3d5690ff9f4ded0163410af7cb018d, Dashboard button clicking flaky,DOM Selector Issue,https://github.com/oppia/oppia/blob/36949e2f4e3d5690ff9f4ded0163410af7cb018d/core/tests/protractor_utils/workflow.js, TravisCI,Unspecified,Add wait code to click handlers,Fix Await Mechanism,https://github.com/oppia/oppia/pull/5139, false,,

-> repo not found

skip flaky tests,https://github.com/wix/wix-style-react/commit/7e371bc787f220ecd9f7e3a0d43b32495ef81a71,Flaky popover rendering,Resource Rendering,https://github.com/wix/wix-style-react/blob/7e371bc787f220ecd9f7e3a0d43b32495ef81a71/src/Popover/Popover.e2e.js,Jest,Unspecified,Disabled flaky tests,Remove Test,,,,
"<Accordion/> - skip flaky visual eyes test (#3306)\n\nAccordion has an animation when it mounts, which causes the snapshot to be flaky",https://github.com/wix/wix-style-react/commit/ddebb9fc31f3aaea7b80dea034c3baa256ec2b74,Animation flaky rendering,Animation Timing Issue,https://github.com/wix/wix-style-react/blob/ddebb9fc31f3aaea7b80dea034c3baa256ec2b74/src/Accordion/test/Accordion.visual.js,Jest,Unspecified,Disabled flaky tests,Remove Test,https://github.com/wix/wix-style-react/pull/3306,,,
Remove dead code `src/Backoffice./ButtonLayout` (#2231)\n\n* Remove old Backoffice/ButtonLayout\r\n\r\n* Fix DatePicker flaky e2e test\r\n\r\n* Fix Flaky Text e2e test\r\n\r\n* Text e2e - remove example when not needed\r\n\r\n* Text e2e - fix before->beforeAll,https://github.com/wix/wix-style-react/commit/58ab99f4251754b2cd13b5e0af62490778651d53,Incorrect waiting for browser interaction calls,Incorrect Test Runner Interaction,https://github.com/wix/wix-style-react/blob/58ab99f4251754b2cd13b5e0af62490778651d53/src/DatePicker/DatePicker.e2e.js,Jest,Unspecified,Added await statements,Fix Await Mechanism,https://github.com/wix/wix-style-react/pull/2231,,,
Fix radio button flaky test (#1969),https://github.com/wix/wix-style-react/commit/65c4774ef6d777ef3f57e64287b6e2e5aa3a5c70,Incorrect usage of framework API,Incorrect Test Runner Interaction,https://github.com/wix/wix-style-react/blob/65c4774ef6d777ef3f57e64287b6e2e5aa3a5c70/src/RadioGroup/RadioGroup.e2e.js,Jest,Unspecified,Refactored to properly return value,Refactor Logic Implementation,https://github.com/wix/wix-style-react/pull/1969,,,
fix flaky loader tests (#1936),https://github.com/wix/wix-style-react/commit/3938190371f844b2540f8466dcdd4be7e3eff880,Flaky animations,Animation Timing Issue,https://github.com/wix/wix-style-react/blob/3938190371f844b2540f8466dcdd4be7e3eff880/src/Loader/Loader.e2e.js,Jest,Unspecified,Disable CSS animations,Disable Animations,https://github.com/wix/wix-style-react/pull/1936,,,
skip flaky eyes loader test,https://github.com/wix/wix-style-react/commit/97b16c6a7dafba4afe9c6c866a36f78c27944523,Flaky animations,Animation Timing Issue,https://github.com/wix/wix-style-react/blob/97b16c6a7dafba4afe9c6c866a36f78c27944523/src/Loader/Loader.e2e.js,Jest,Unspecified,Disabled tests,Remove Test,,,,
Fix flaky EditableSelector e2e test: add more  async/await,https://github.com/wix/wix-style-react/commit/33f4920a5eb0aa0aba79f19eb19ce25a3d84629c, Missing proper waiting,Incorrect Resource Load Order,https://github.com/wix/wix-style-react/blob/33f4920a5eb0aa0aba79f19eb19ce25a3d84629c/src/EditableSelector/EditableSelector.e2e.js,Jest,Unspecified,Added await statements,Fix Await Mechanism,,,,
"Fix/datepicker onchange (#1631)\n\n* test(DatePicker): remove `beforeEach`\r\n\r\nand be explicit about onChange spy\r\n\r\n* test(DatePicker): move some test cases under describes\r\n\r\njust to organize tests better\r\n\r\n* test(DatePicker): refactor `placeholder` tests\r\n\r\n* test(DatePicker): refactor readonly & locale tests\r\n\r\n* fix(DatePicker): mingle only with date and not time\r\n\r\nby default react-daypicker resets the time of given value\r\nthis is undesirable and unexpected. this commit fixes so that only year,\r\nmonth and day could be adjusted by datepicker leaving time part alone\r\n\r\n* test(DatePicker): use explicit timezone in test\r\n\r\notherwise different environment will interpret it differently and thus\r\ntest becomes flaky",https://github.com/wix/wix-style-react/commit/e9ea12d6a0b2bbdee463f0b1951b4289f03c2867,Flakiness due to default timezone difference depending on platform,Platform Issue,https://github.com/wix/wix-style-react/blob/e9ea12d6a0b2bbdee463f0b1951b4289f03c2867/src/DatePicker/DatePicker.js,Jest,Unspecified,Added explicit timezone,Refactor Logic Implementation,,,,
Fix flaky DrillView e2e test (#1645),https://github.com/wix/wix-style-react/commit/500433b98d34a6c25fc52f26f3a3632f8770c3d2,Test timeout in e2e tests,Resource Rendering,https://github.com/wix/wix-style-react/blob/500433b98d34a6c25fc52f26f3a3632f8770c3d2/src/SideMenu/DrillView/DrillView.e2e.js,Jest,Unspecified,Added await statements,Fix Await Mechanism,https://github.com/wix/wix-style-react/pull/1645,,,
fix(eyes-flaky-caret): set caret color to transparent for e2e tests (#903)\n\nso that applitools don't fail our build because of blinking text caret,https://github.com/wix/wix-style-react/commit/8516ebc01e32c4f477e7384d92b9975bb1379466,Blinking text caret caused tests to fail,Layout Difference,https://github.com/wix/wix-style-react/blob/8516ebc01e32c4f477e7384d92b9975bb1379466/.storybook/e2e-styles.scss,Jest,Unspecified,Changed caret color to transparent,Refactor Logic Implementation,https://github.com/wix/wix-style-react/pull/903,,,
"`<SocialPreview/> - resolve visual flakiness (#4536)\n\n* <SocialPreview/> - add async await for image onload\r\n\r\n* <SocialPreview/> - remove redundant code\r\n\r\n* <ImageViewer/>, <SocialPreview/> - lower the onDone timeout\r\n\r\n* <ImageViewer/>, <SocialPreview/> - make onDone be called when image is loaded",https://github.com/wix/wix-style-react/commit/f47e483581a8dac163dd96cb2467c1b4612c62c1,Visual flakiness in rendering,Resource Rendering,https://github.com/wix/wix-style-react/blob/f47e483581a8dac163dd96cb2467c1b4612c62c1/src/ImageViewer/ImageViewer.visual.js,Jest,Unspecified,Add wrapper to handle flaky resource loading,Mark Test as Flaky,https://github.com/wix/wix-style-react/pull/4536,,,